Process,Held_Resource,Requested_Resource,Scenario_Description
P1,R2,R3,"P1 holds R2 and waits for R3, potentially forming a circular wait with other processes."
P2,R3,R4,"P2 holds R3 and waits for R4, potentially forming a circular wait with other processes."
P3,R4,R5,"P3 holds R4 and waits for R5, potentially forming a circular wait with other processes."
P4,R5,R6,"P4 holds R5 and waits for R6, potentially forming a circular wait with other processes."
P5,R6,R7,"P5 holds R6 and waits for R7, potentially forming a circular wait with other processes."
P6,R7,R8,"P6 holds R7 and waits for R8, potentially forming a circular wait with other processes."
P7,R8,R9,"P7 holds R8 and waits for R9, potentially forming a circular wait with other processes."
P8,R9,R10,"P8 holds R9 and waits for R10, potentially forming a circular wait with other processes."
P9,R10,R1,"P9 holds R10 and waits for R1, potentially forming a circular wait with other processes."
P10,R1,R2,"P10 holds R1 and waits for R2, potentially forming a circular wait with other processes."
P11,R2,R3,"P11 holds R2 and waits for R3, potentially forming a circular wait with other processes."
P12,R3,R4,"P12 holds R3 and waits for R4, potentially forming a circular wait with other processes."
P13,R4,R5,"P13 holds R4 and waits for R5, potentially forming a circular wait with other processes."
P14,R5,R6,"P14 holds R5 and waits for R6, potentially forming a circular wait with other processes."
P15,R6,R7,"P15 holds R6 and waits for R7, potentially forming a circular wait with other processes."
P16,R7,R8,"P16 holds R7 and waits for R8, potentially forming a circular wait with other processes."
P17,R8,R9,"P17 holds R8 and waits for R9, potentially forming a circular wait with other processes."
P18,R9,R10,"P18 holds R9 and waits for R10, potentially forming a circular wait with other processes."
P19,R10,R1,"P19 holds R10 and waits for R1, potentially forming a circular wait with other processes."
P20,R1,R2,"P20 holds R1 and waits for R2, potentially forming a circular wait with other processes."
P21,R2,R3,"P21 holds R2 and waits for R3, potentially forming a circular wait with other processes."
P22,R3,R4,"P22 holds R3 and waits for R4, potentially forming a circular wait with other processes."
P23,R4,R5,"P23 holds R4 and waits for R5, potentially forming a circular wait with other processes."
P24,R5,R6,"P24 holds R5 and waits for R6, potentially forming a circular wait with other processes."
P25,R6,R7,"P25 holds R6 and waits for R7, potentially forming a circular wait with other processes."
P26,R7,R8,"P26 holds R7 and waits for R8, potentially forming a circular wait with other processes."
P27,R8,R9,"P27 holds R8 and waits for R9, potentially forming a circular wait with other processes."
P28,R9,R10,"P28 holds R9 and waits for R10, potentially forming a circular wait with other processes."
P29,R10,R1,"P29 holds R10 and waits for R1, potentially forming a circular wait with other processes."
P30,R1,R2,"P30 holds R1 and waits for R2, potentially forming a circular wait with other processes."
P31,R2,R3,"P31 holds R2 and waits for R3, potentially forming a circular wait with other processes."
P32,R3,R4,"P32 holds R3 and waits for R4, potentially forming a circular wait with other processes."
P33,R4,R5,"P33 holds R4 and waits for R5, potentially forming a circular wait with other processes."
P34,R5,R6,"P34 holds R5 and waits for R6, potentially forming a circular wait with other processes."
P35,R6,R7,"P35 holds R6 and waits for R7, potentially forming a circular wait with other processes."
P36,R7,R8,"P36 holds R7 and waits for R8, potentially forming a circular wait with other processes."
P37,R8,R9,"P37 holds R8 and waits for R9, potentially forming a circular wait with other processes."
P38,R9,R10,"P38 holds R9 and waits for R10, potentially forming a circular wait with other processes."
P39,R10,R1,"P39 holds R10 and waits for R1, potentially forming a circular wait with other processes."
P40,R1,R2,"P40 holds R1 and waits for R2, potentially forming a circular wait with other processes."
P41,R2,R3,"P41 holds R2 and waits for R3, potentially forming a circular wait with other processes."
P42,R3,R4,"P42 holds R3 and waits for R4, potentially forming a circular wait with other processes."
P43,R4,R5,"P43 holds R4 and waits for R5, potentially forming a circular wait with other processes."
P44,R5,R6,"P44 holds R5 and waits for R6, potentially forming a circular wait with other processes."
P45,R6,R7,"P45 holds R6 and waits for R7, potentially forming a circular wait with other processes."
P46,R7,R8,"P46 holds R7 and waits for R8, potentially forming a circular wait with other processes."
P47,R8,R9,"P47 holds R8 and waits for R9, potentially forming a circular wait with other processes."
P48,R9,R10,"P48 holds R9 and waits for R10, potentially forming a circular wait with other processes."
P49,R10,R1,"P49 holds R10 and waits for R1, potentially forming a circular wait with other processes."
P50,R1,R2,"P50 holds R1 and waits for R2, potentially forming a circular wait with other processes."
P51,R2,R3,"P51 holds R2 and waits for R3, potentially forming a circular wait with other processes."
P52,R3,R4,"P52 holds R3 and waits for R4, potentially forming a circular wait with other processes."
P53,R4,R5,"P53 holds R4 and waits for R5, potentially forming a circular wait with other processes."
P54,R5,R6,"P54 holds R5 and waits for R6, potentially forming a circular wait with other processes."
P55,R6,R7,"P55 holds R6 and waits for R7, potentially forming a circular wait with other processes."
P56,R7,R8,"P56 holds R7 and waits for R8, potentially forming a circular wait with other processes."
P57,R8,R9,"P57 holds R8 and waits for R9, potentially forming a circular wait with other processes."
P58,R9,R10,"P58 holds R9 and waits for R10, potentially forming a circular wait with other processes."
P59,R10,R1,"P59 holds R10 and waits for R1, potentially forming a circular wait with other processes."
P60,R1,R2,"P60 holds R1 and waits for R2, potentially forming a circular wait with other processes."
P61,R2,R3,"P61 holds R2 and waits for R3, potentially forming a circular wait with other processes."
P62,R3,R4,"P62 holds R3 and waits for R4, potentially forming a circular wait with other processes."
P63,R4,R5,"P63 holds R4 and waits for R5, potentially forming a circular wait with other processes."
P64,R5,R6,"P64 holds R5 and waits for R6, potentially forming a circular wait with other processes."
P65,R6,R7,"P65 holds R6 and waits for R7, potentially forming a circular wait with other processes."
P66,R7,R8,"P66 holds R7 and waits for R8, potentially forming a circular wait with other processes."
P67,R8,R9,"P67 holds R8 and waits for R9, potentially forming a circular wait with other processes."
P68,R9,R10,"P68 holds R9 and waits for R10, potentially forming a circular wait with other processes."
P69,R10,R1,"P69 holds R10 and waits for R1, potentially forming a circular wait with other processes."
P70,R1,R2,"P70 holds R1 and waits for R2, potentially forming a circular wait with other processes."
P71,R2,R3,"P71 holds R2 and waits for R3, potentially forming a circular wait with other processes."
P72,R3,R4,"P72 holds R3 and waits for R4, potentially forming a circular wait with other processes."
P73,R4,R5,"P73 holds R4 and waits for R5, potentially forming a circular wait with other processes."
P74,R5,R6,"P74 holds R5 and waits for R6, potentially forming a circular wait with other processes."
P75,R6,R7,"P75 holds R6 and waits for R7, potentially forming a circular wait with other processes."
P76,R7,R8,"P76 holds R7 and waits for R8, potentially forming a circular wait with other processes."
P77,R8,R9,"P77 holds R8 and waits for R9, potentially forming a circular wait with other processes."
P78,R9,R10,"P78 holds R9 and waits for R10, potentially forming a circular wait with other processes."
P79,R10,R1,"P79 holds R10 and waits for R1, potentially forming a circular wait with other processes."
P80,R1,R2,"P80 holds R1 and waits for R2, potentially forming a circular wait with other processes."
P81,R2,R3,"P81 holds R2 and waits for R3, potentially forming a circular wait with other processes."
P82,R3,R4,"P82 holds R3 and waits for R4, potentially forming a circular wait with other processes."
P83,R4,R5,"P83 holds R4 and waits for R5, potentially forming a circular wait with other processes."
P84,R5,R6,"P84 holds R5 and waits for R6, potentially forming a circular wait with other processes."
P85,R6,R7,"P85 holds R6 and waits for R7, potentially forming a circular wait with other processes."
P86,R7,R8,"P86 holds R7 and waits for R8, potentially forming a circular wait with other processes."
P87,R8,R9,"P87 holds R8 and waits for R9, potentially forming a circular wait with other processes."
P88,R9,R10,"P88 holds R9 and waits for R10, potentially forming a circular wait with other processes."
P89,R10,R1,"P89 holds R10 and waits for R1, potentially forming a circular wait with other processes."
P90,R1,R2,"P90 holds R1 and waits for R2, potentially forming a circular wait with other processes."
P91,R2,R3,"P91 holds R2 and waits for R3, potentially forming a circular wait with other processes."
P92,R3,R4,"P92 holds R3 and waits for R4, potentially forming a circular wait with other processes."
P93,R4,R5,"P93 holds R4 and waits for R5, potentially forming a circular wait with other processes."
P94,R5,R6,"P94 holds R5 and waits for R6, potentially forming a circular wait with other processes."
P95,R6,R7,"P95 holds R6 and waits for R7, potentially forming a circular wait with other processes."
P96,R7,R8,"P96 holds R7 and waits for R8, potentially forming a circular wait with other processes."
P97,R8,R9,"P97 holds R8 and waits for R9, potentially forming a circular wait with other processes."
P98,R9,R10,"P98 holds R9 and waits for R10, potentially forming a circular wait with other processes."
P99,R10,R1,"P99 holds R10 and waits for R1, potentially forming a circular wait with other processes."
P100,R1,R2,"P100 holds R1 and waits for R2, potentially forming a circular wait with other processes."
